sensor_id,timestamp,temperature,humidity,is_faulty,fault_type,source
MANUFACTURING_02,2026-10-04T23:01:47+05:30,372.63,55.31,False,,csv
MANUFACTURING_02,2026-10-04T23:01:48+05:30,372.42,57.58,False,,csv
MANUFACTURING_02,2026-10-04T23:01:49+05:30,372.62,55.36,False,,csv
MANUFACTURING_02,2026-10-04T23:08:43+05:30,371.45,57.06,False,,csv
MANUFACTURING_01,,373.27,55.57,True,missing_timestamp,csv
MANUFACTURING_03,2026-10-04T23:11:15+05:30,375.73,58.91,False,,csv
MANUFACTURING_02,2026-10-04T23:32:38+05:30,373.36,51.18,False,,csv
MANUFACTURING_03,2026-10-04T23:34:29+05:30,374.27,58.75,False,,csv
MANUFACTURING_03,2026-10-04T23:42:52+05:30,371.15,54.77,False,,csv
