Timestamp,Current Temperature (°C),Setpoint Temperature (°C),Temperature Error (°C),PID Control Output (%),Fuzzy PID Control Output (%),Overshoot (°C),Response Time (s),Steady-State Error (°C),Ambient Temperature (°C),Humidity (%),PID Kp,PID Ki,PID Kd,Fuzzy Rule Base Parameters
2025-01-31 12:09:12.524887,368.7270059423681,400.0,31.27299405763188,67.40531715354479,65.02237399090384,6.72702994208898,47.15987634850778,0.7872710405548842,23.944770862233465,50.487994547288885,1.2202679239473957,0.465431204561078,0.2494563273866794,2
2025-01-31 12:14:12.524887,397.5357153204958,400.0,2.4642846795042037,81.67603789513433,79.14582588585432,7.966813971913723,54.16296987899959,0.9468713187500428,22.5171590863155,51.86772528231129,1.1872830044131275,0.3101441927277992,0.2331648384925613,0
2025-01-31 12:19:12.524887,386.5996970905703,400.0,13.40030290942974,94.91783343505634,98.9803792402667,2.50467898792499,52.80482789370477,1.7090947864043606,24.617183690064444,58.31245805089942,0.5957541986633577,0.3899641087344337,0.170461565001144,0
2025-01-31 12:24:12.524887,379.9329242098518,400.0,20.06707579014818,89.28899545638245,86.78445745487751,6.248740996069989,34.61699714081321,0.6800087721197843,23.839348717207724,57.66768356338336,1.4225724049058002,0.2744193191890351,0.3429066680405952,1
2025-01-31 12:29:12.524887,357.8009320221218,400.0,42.1990679778782,92.262445914458,89.9819431757443,5.717459831437487,34.47748409224422,1.7392993696243426,22.471611650670862,53.50642691457147,1.0684722021568196,0.3520138310169752,0.2906496642034515,2
2025-01-31 12:34:12.524887,357.7997260168101,400.0,42.200273983189845,86.35133466842869,88.94531729260832,8.32830376788271,38.0452310323474,0.1762688619533829,24.88701417244362,53.76810627774213,0.8637255211356842,0.2362303749684474,0.4462803969296015,2
2025-01-31 12:39:12.524887,352.90418060841,400.0,47.09581939159,87.6910625807141,87.18846100521951,9.060870604812605,40.83224179023112,1.5535968744172617,23.55509639000596,55.33554433553579,1.256538583495307,0.2204636079141781,0.1128438321928233,2
2025-01-31 12:44:12.524887,393.3088072887468,400.0,6.691192711253223,93.96782606261276,96.7349316321646,0.121567714773868,42.25366744225448,1.6950952661094727,22.218695355614965,50.00241004685135,0.757365458401634,0.3312919144678055,0.3575471710220506,2
2025-01-31 12:49:12.524887,380.0557505871605,400.0,19.944249412839557,69.98672035436743,65.64038193001129,6.740199190587926,50.39091650500036,0.3636353056746775,23.880498713245203,52.41244336038028,1.1935098370463204,0.2992518696735922,0.4051795514046244,2
2025-01-31 12:54:12.524887,385.4036288898023,400.0,14.596371110197708,79.57699854572562,79.45271048245945,0.5183579911972902,31.70041296497506,0.8606930647444009,22.75959672103843,52.08231808608215,0.5397112075722472,0.3318145476599924,0.4037946276753228,2
2025-01-31 12:59:12.524887,351.02922471479013,400.0,48.97077528520987,68.8483776727841,64.18451367461692,5.488586650773559,31.04018112678199,0.3309995493273112,24.411080355631903,52.50482946749764,1.339408037609272,0.2146642325148092,0.4544295868382101,1
2025-01-31 13:04:12.524887,398.4954926080997,400.0,1.5045073919002905,99.50672031986588,95.13325235441944,2.876327290436782,41.75731688831727,1.4132082579884355,24.453466220698573,58.05905842533441,0.9481708470213184,0.2467831327267981,0.3916134971317976,2
2025-01-31 13:09:12.524887,391.6221320400211,400.0,8.377867959978914,97.76237358746454,101.82674812090865,3.067765995221412,50.91491076413941,1.0706955361233137,24.936842067563987,52.79673856546443,1.1366929143579418,0.1335591842515637,0.4711240246590785,2
2025-01-31 13:14:12.524887,360.6169555339138,400.0,39.383044466086176,61.57707245474023,57.969526165916186,3.5295850345235658,35.803060288694475,1.270646693416642,23.50560859307351,51.915213220501485,0.7212378198066837,0.1209105489088823,0.2330626399283566,2
2025-01-31 13:19:12.524887,359.09124836035505,400.0,40.90875163964495,88.22300690062754,88.54721372337971,6.212924490496102,49.245134437687554,0.3929739339124223,23.364870639183213,55.04263460793032,1.1770737126584478,0.2013828518692065,0.3012837667006172,1
2025-01-31 13:24:12.524887,359.1702254926717,400.0,40.829774507328295,97.00993269662663,96.1208887226337,3.340499656687692,37.79484413820899,0.423491724104839,24.260426816339443,58.65645036372732,1.2722402758932767,0.1296987437322183,0.1056318653131562,2
2025-01-31 13:29:12.524887,365.2121121479769,400.0,34.78788785202312,67.22301380509334,65.69644706768177,7.326990505902804,56.582583264405486,0.0829946510198127,22.39741196902578,52.413497038375,0.9732131868843988,0.1415098834538962,0.1027830349213164,1
2025-01-31 13:34:12.524887,376.2378215816119,400.0,23.76217841838809,82.71780922210517,86.7161426789779,4.045273855738697,56.8706983279985,0.6441350703914595,23.64074654137937,50.78536242792799,1.1177269240617944,0.4251713621575749,0.1960506481806079,0
2025-01-31 13:39:12.524887,371.5972509321058,400.0,28.40274906789421,96.61953190352168,91.83776587127656,0.6835320030995862,38.918616128439794,1.11948932266735,23.638742800392556,53.56404735849664,0.9563259238223986,0.1155494788066757,0.1403228788556341,2
2025-01-31 13:44:12.524887,364.5614570099021,400.0,35.438542990097915,61.35783914343195,62.99573600518784,7.837598424841072,36.899812618897215,1.7158698279946576,22.26841936843116,57.47651824564978,1.3940913692578456,0.3635771175738971,0.2040845471743014,1
